General Drug Name	Generated Drug Names
lepirudin	
cetuximab	retuximab
dornase alfa	
etanercept	
leuprolide	luprolide, leuprolide
alteplase	
sermorelin	
urokinase	
goserelin	
reteplase	
erythropoietin	erythropoietin, erythropoeitin, erythropoetin, erythropoiesis
pegfilgrastim	pegfilgrastim, filgrastim
sargramostim	
anakinra	
anistreplase	
tenecteplase	
menotropins	
desmopressin	
oprelvekin	
palifermin	
glucagon	
aldesleukin	
omalizumab	
rasburicase	
cetrorelix	
adalimumab	
imiglucerase	
abciximab	
pegaspargase	
pegademase	
eptifibatide	
infliximab	
vasopressin	vasopression, vasopressin, vassopressin
trastuzumab	
rituximab	retuximab, rituxamab, rituximab
basiliximab	
muromonab	
daptomycin	
tositumomab	
pegvisomant	
pancrelipase	pancrealipase, pancrelipase, pancrease
streptokinase	
alemtuzumab	
alglucerase	
laronidase	
ciclosporin	cyclosporin, cyclosporine, ciclosporin
alefacept	
felypressin	
urofollitropin	
efalizumab	
filgrastim	pegfilgrastim, filgrastim
becaplermin	
octreotide	octeotride, octreotide, octretide, octrotide, ocreotide, octeotide
abarelix	
oxytocin	
natalizumab	
enfuvirtide	
palivizumab	
daclizumab	
bevacizumab	
histidine	
pyruvic acid	
biotin	biotion, biotin
choline	
ornithine	
methionine	
tyrosine	tirosine, tyrosine, tryosine, ltyrosine, thyrosine, tyrosene
calcitriol	calcitrol
lutein	
cystine	cystein, cysteine, cystine
riboflavin	
glutathione	glutathine, glutithione, gluthathione, glutatione, glutithion, glutothione, glutathion, glutathione
glycine	glycinate, glycine
calcifediol	calcifediol, calciferol, calcidiol
pyridoxal	
creatine	creatnine, creatinie, creatinine, creatanine, creatin, creatinen
thiamine	thaimine, thiamine, thiamin, thianine
ergocalciferol	
icosapent	
pyridoxine	
isoleucine	
aspartame	aspratame, aspartane, asparatame, aspatame, aspertame, asparteme, aspartme, aspartame, aspartate, aspartime, apartame, aspartamine
menadione	
atp	katp
proline	prolamine
adenine	
asparagine	asparagine, asparaginase
pravastatin	pravastain, pravastatin, pitavastatin, prevastatin
fluvoxamine	fluoxatine, fluvoxamine
valsartan	
ramipril	ramipril, ramapril, rampril
flunisolide	
baclofen	balcofen, backlofen, baclefen, bacolfen, baclofen, baclofan, baclfen, bachlofen, baclofin, bacoflen, baclafen, bacofen, bacloflen, beclofen
amphetamine	amphetamines, anphetamine, amphetemine, amphetimine, amphetamine, amphetimines, dexamphetamine, amphetemines
pentagastrin	
nicotine	nicotne, niccotine, nicotinate, nicitine, nicotiene, nictine, nicatine, nictotine, nicotine, nicotin, nocotine, nicotein, nicotene, nicoteine, nictoine
cevimeline	
lorazepam	lorezepam, lorazpam, cloazepam, lorazepram, clorazpam, lorazepan, clorazepam, lorazopam, lorzepam, lorazapam, lorazipam, lorazepam
esmolol	
bortezomib	
ethchlorvynol	
carbidopa	carbadopa, carbidopa, carbodopa
phentermine	phentramine, phentermine
indecainide	
tramadol	tamadol, tramedol, tramamdol, tramadole, trammadol, tramadoll, tremadol, tramodol, tramidol, tramadols, tramal, tramadal, tramadol, trmadol, tramado, tranadol, tramdol
vidarabine	
betaxolol	
fluconazole	
troglitazone	
oseltamivir	
erythromycin	erythrocin
hydroxocobalamin	hydroxycobalamin, hydroxocobalamin
caffeine	caffinne, caffeeine, caffeines, coffeine, caffee, caffiene, caffeene, caffeinne, caffenine, caffaine, cafeeine, cafine, caffinee, caffeiene, caffieine, cafeine, cafffeine, caffeine, caffenie, cafein, caffene, caffein, caffeien, cafeinne, caffine
succinylcholine	
sildenafil	sidenafil, sildnafil, slidenafil, sildenafil, sildenifil
dofetilide	
pyrimethamine	
reserpine	
azithromycin	azithromycin, azthromycin, azithromyacin, azithromicin, zithromycin
ticlopidine	
trospium	
adapalene	adaplene, adapalene
midodrine	
remikiren	
pantoprazole	pantoprozole, pantoprazole, pantoprazol, pantaprazole, pantoprazoles
torasemide	torasemide, torsemide
citalopram	escitlopram, citalopham, citlopram, citilopram, escitalopram, citalopran, citalapram, citalipram, cetalopram, citralopram, citelopram, citalophram, citalopram, ecitalopram, citalopam, citalpram, citolopram
eletriptan	
bethanidine	
moxifloxacin	ofloxacin, moxifloxacin
oxyphenonium	
nelfinavir	
isoetarine	
glimepiride	glimepiride, glimipiride, glimeperide, glimepride
diflorasone	
indinavir	
gadodiamide	
guanadrel	
lovastatin	fluvastatin, lovastatin
enflurane	
cefotiam	
pregabalin	pregbalin, pregabalin, pregabolin, pregabaline, pregabilin, pregablin
temazepam	temazepan, tempazepam, temazepam, temezepam, tamazepam, temazapam
methyclothiazide	
reboxetine	
milrinone	
pipobroman	
butabarbital	
nevirapine	
oxiconazole	
alclometasone	
butalbital	butalbitol, butalbital, butabital
cladribine	
ranolazine	
mesalazine	mesalazine, meslazine, mesalizine, mesalamines, mesalamine, salazine
benzatropine	benzatropine, benzotropine, benztropine
ziprasidone	
methysergide	
cabergoline	carbergoline, caberogline, cabergoline, cabergolin, cabegoline
dapsone	
terconazole	itraconazole
phenytoin	phenytoin, fosphenytoin, phenytonin
medrysone	
doxycycline	doxycyclin, doxicycline, doxcycline, doxycyclene, doxycline, doxycicline, doxycyline, doxycycline
diethylstilbestrol	
lymecycline	
clotrimazole	
sulfanilamide	
anagrelide	
carmustine	
sulfisoxazole	
metoprolol	metorolol, metopolol, meteprolol, metoprolol, metotoprolol, toprolol, metopropol, metaprolol, metroprolol, metprolol, metropolol, metoprolo, metoprol
crotamiton	
dicoumarol	
cefmenoxime	
ropinirole	ropinirole, ripinirole, ropinerole
chlorotrianisene	
isradipine	
diatrizoate	
betazole	
topiramate	topirimate, topiramat, topiramate
cefmetazole	
olmesartan	
amsacrine	
argatroban	
liothyronine	liothyronine, thyronine, liothironine
disopyramide	
lidocaine	lidocine, licocaine, lidacaine, lydocaine, lidociane, lidocain, lidocaine, lidicaine, lidocane
clemastine	
acarbose	
venlafaxine	venlafaxin, venlafexine, desvenlafaxine, venaflaxine, venlefaxine, venlafaxine, venlaflaxine
travoprost	
amcinonide	
atomoxetine	
bleomycin	
chlorambucil	
etomidate	
raltitrexed	
etonogestrel	
morphine	morhphine, moriphine, morphone, morhine, morphein, norphine, morphine, morphines, moraphine, morphiene, morpine, morphene, morephine, morhpine, mophine, morphin, morpheine, morophine
ropivacaine	
bupivacaine	bupivacaine, bupivicaine
dapiprazole	
flucloxacillin	
ertapenem	
desogestrel	
mitomycin	
talbutal	
bexarotene	
ibutilide	
vindesine	
chlorthalidone	
ethoxzolamide	
pentobarbital	
capreomycin	
zolmitriptan	
acetaminophen	acetaminphen, acetominophen, acetamenophen, acetaminaphen, acetaminiophen, acetaminiphen, acetaminophin, acetaminophen, acetaminephen, aceteminophen, acetaminopen, acetiminophen
gefitinib	
piperacillin	
dihydroergotamine	
amitriptyline	amitriptylin, amytriptline, amnitriptyline, amitriptlyne, amitripylene, amitryptyline, amitriptylene, amitripiline, amiltriptyline, amitriptyline, amitrypyline, amitripyline, amitriptaline, amatriptyline, amytripyline, amatriptline, amitrityline, amitriptline, amitriptiline, amytriptyline, amptriptyline, amintripline, amtriptyline, amitrptyline, amitryptline, amitripaline, amitriptalin, amitripline, amitriptoline, amitriptilin, amitriptylline
floxuridine	
tolcapone	
fluorometholone	
nitroprusside	
hydromorphone	hydromorphone, hydromorph, hydromorphine
indometacin	indomethacin, indomethicin
ethambutol	
metformin	metform, metforin, medformin, metormin, metfomin, metroformin, metaforin, metformen, meformin, metfromin, metfirmin, metfornin, metofrmin, metformine, metiformin, metoformin, metformin, metaformin, metforman, metforming
ipratropium	ipratropium, ipatropium
methadone	methadon, methadose, mehtadone, methadones, methedone, methdone, methodone, methadone, mathadone, methadrone, metadone
olanzapine	olanzepine, olanzapine, olanzopine, olanzipine, olanzapin, olanazapine
atenolol	atenolol, atenlol, atenolo, antenolol, atenalol, altenolol, atenonol, atenol, atenelol, attenolol
nitrofural	
pimecrolimus	
omeprazole	omeperazole, omaprazole, omerperzole, omeprezole, omeprazol, omeprozole, omoprazole, omerprazole, omeprasole, omiprazole, omeprizole, esomeprazole, omneprezole, omneprazole, omeperzole, omeprazole, omperazole
pyrazinamide	
metixene	
cetirizine	cetrizine, ceterizine, cetirizine
terfenadine	
diltiazem	dilitazem, diltiazam, deltiazem, diltiazen, dilitizem, diltiaz, dilitiazem, diltiazem, diltizem, diliazem, ditiazem, diltazem
protriptyline	
alfuzosin	
trimethadione	
nitisinone	
clobazam	
tioguanine	
methylergometrine	
buclizine	
aztreonam	
chlorzoxazone	
aminoglutethimide	
mefloquine	
sulfadiazine	
vinorelbine	
anidulafungin	
clozapine	clonapine, clozapine
sucralfate	sulcrafate, sucralfate, sulcralfate
grepafloxacin	
doxylamine	
norepinephrine	epinephrine, norepinephrine, norepinepherine, norepenephrine, norepinephrin, norpinephrine, norephinephrine, noripinephrine, norepinphrine
cidofovir	
mirtazapine	mirtzapine, mirtazpine, mirtazapin, mitazapine, mertazapine, mirtazapine, mirtazepine, mirtazipine, mitrazapine, mirtazapene
meprobamate	
thiethylperazine	
timolol	
treprostinil	
colestipol	
trihexyphenidyl	
palonosetron	
dydrogesterone	
mexiletine	
amlodipine	amlodopine, amlodipine, amoldipine
tacrine	
oxyphencyclimine	
triamterene	triamterine, triamterene
valrubicin	
procyclidine	
phenylephrine	
carbimazole	carbimozole, carbinazole, carbimazole, carbimizole, cabimazole
digoxin	digoxin, digoxen
sulpiride	
profenamine	
nimodipine	
carisoprodol	carisoprodol, carisprodol
progesterone	progestorone, progestron, progesteron, progestrine, progesterone, progesterine, progeterone, preogesterone, pogestrone, projestrone, progesterones, pogesterone, progerstone, pregesterone, progrestrone, progeserone, progestern, progersterone, progestrone, porgesterone, pregestrone, progesterin, prgesterone, progresterone, progesteone, progestone, projesterone, pegesterone
phenylpropanolamine	
zoledronic acid	
griseofulvin	
nisoldipine	
eszopiclone	zopiclone, zopiclones, zopliclone, eszopiclone
ceruletide	
dexbrompheniramine	
ardeparin	
loxapine	
remoxipride	
mupirocin	mupirocin, muprocin
carbachol	
rosiglitazone	
pramipexole	
acetohexamide	
ampicillin	ampicillin, amoxicillin
secobarbital	
miglustat	
promazine	
spironolactone	spiranalactone, spironolact, spirolactone, spiranolactone, spironolactone, spyronolactone, spirnolactone, spironolacton, spirinolactone, spironlactone, sprinolactone, spironalactone
methylphenidate	methlyphenidate, methylphenidate, methyphenidate, methylfenidate, ethylphenidate, dexmethylphenidate, methyphendiate
methocarbamol	methocarbomol, metacarbamol, methocarbamol
hyoscyamine	hyoscyamine, hyoscamine
zolpidem	zolpidem, zopidem, zolpiderm, zolipidem, zolpedem
famciclovir	aciclovir, famciclovir
triprolidine	
streptozocin	
cefpiramide	
lindane	
trifluridine	
prochlorperazine	prochlorperazine, prochloperazine
cyproheptadine	
bendroflumethiazide	
allopurinol	allupurinol, allopurinal, alpurinol, allipurinol, allopurinol, allpurinol, allpurinal, alopurinol
ceftazidime	
cerivastatin	
trimethoprim	
gemcitabine	decitabine, gemcitabine
entecavir	
betamethasone	beclamethasone, betamethasone, betamethazone
teniposide	
epirubicin	
chloramphenicol	
loracarbef	
lansoprazole	lansoprazole, lanzoprazole, dexlansoprazole, lansaprazole
dipivefrin	
droperidol	
levothyroxine	levothyroxide, levothryoxine, levothyroixine, levothroxine, leveothyroxine, levothyroxine, lovothyroxine, levothyoxine, levothyrixine, levothyroxin, levothroxin
framycetin	
clomocycline	
meperidine	meperdine, meperidine
loratadine	loratadine, loratidine
cefalotin	
prazosin	prazosin, prazocin
imipramine	imipramine, immimpramine, imiprimine, trimipramine
acitretin	
verteporfin	
nabumetone	nabumatone, nabumetone
metharbital	
ketorolac	ketoralac, keterolac, ketorolac
picrotoxin	
enoxacin	
quinine	quinone, quinidine
tenoxicam	
dronabinol	
montelukast	
fluoxetine	fluoxetina, fluxoetine, fluoxetine, fluoextine, fluoxtine, fluoxitine, fluoxotine, fluoxetin, fluoxatine, fluxetine, fluvoxetine, flouxetine, fluoxentine
hexylcaine	
methohexital	
chlordiazepoxide	
duloxetine	duloxitine, duloxotine, duloxatine
chlorpromazine	
rimantadine	
amikacin	
lenalidomide	
raloxifene	
celecoxib	
brimonidine	
dicloxacillin	
nabilone	
pefloxacin	
altretamine	
sotalol	soltalol, solalol, sotolol, sotalol, sotatol
buspirone	busparone, busiprone, busprone, buspirone, buspiron, busperone, busprione
miglitol	
fosinopril	
cefotaxime	
entacapone	
zidovudine	
darifenacin	
oxycodone	oxycondone, oycodone, oyxcodone, oxycodons, oxycodene, oxycodone, ocycodone, oxycodon, roxycodone, oxycodine, oxyxodone, oxcycodone, oxicodone, oxocodone, oxcodone, oxycodne, oycondone, oxycodones
phenindione	
flutamide	
tolmetin	tolectin, tolmetin
cimetidine	
haloperidol	
ritonavir	
levallorphan	
tridihexethyl	
levonorgestrel	
nitazoxanide	
triflupromazine	
dextrothyroxine	
acetyldigitoxin	
vancomycin	vancomycin, vancocin, vancomyacin, vancomyicin, vancomysin
dextromethorphan	dextromorphan, dextromethorphan
cisplatin	
bentoquatam	
albendazole	
trandolapril	
caspofungin	
carteolol	
bentiromide	
alitretinoin	
metolazone	
tolnaftate	
oxaliplatin	oxiplatin, oxiliplatin, oxalaplatin, oxaliplatin
cinchocaine	
lercanidipine	
foscarnet	
erlotinib	
cyclophosphamide	
mephenytoin	
rofecoxib	
chlormerodrin	
cefdinir	cefdinir, cefdiner
guanidine	
ciprofloxacin	
gadoversetamide	
toremifene	
nortriptyline	noritriptyline, nortriptoline, nortriplyline, nortriptyline, nortryptyline, nortiptyline, nortriptline, nortriptylene, nortriptylline, nortripiline, nortriptiline, nortriptaline, nortripyline, nortriptylin
vincristine	
benazepril	
amoxapine	
fluorouracil	
pyridostigmine	pyridostigimine, pyridostimine, pyridostigm, pyrostigmine, pyrodostigmine, pyridostigmine
adinazolam	
desoximetasone	
zafirlukast	
propylthiouracil	
pentostatin	
methoxsalen	
piroxicam	proxicam, piroxicam
lamotrigine	lamotragine, lamotrigne, lamotrigene, lamotrigen, lamotringe, limotrigine, lamontrigine, lamotigrine, lamotrigin, lamotrogine, lamotrigine
perflutren	
hydroxyzine	hydroxzyine, hydroxyzine, hydroxzine, hydroxine, hydroxizine, hydroxazine
zanamivir	
bosentan	
tigecycline	
doxapram	
benzthiazide	
methotrexate	methrotexate, methotrex, mehtotrexate, mexotrexate, methotrexate, methotrextate, methotrextrate, methotreate, methotexerate, methotrexates, methetrexate, methrotexrate, methotexrate, metrotrexate, metotrexate, methtrexate, methodrexate, methotrixate, methrexate, methotexate, methoterxate, methotrate, methorexate, methrotrexate, methotextrate, metholtrexate, methotraxate, methatrexate, methaltrexate, methyltrexate, methotrexat, methotroxate, methotrexte, methrotraxate, methotrxate
carbamazepine	carbamazepine, carbamezepine, carmazepine, carbamazipine, carbamazapine, carbemazepine, carbamzapine, carbamazepin
cisatracurium	
succimer	
cephalexin	cephelexin, cephlexin, cephalexin
cinnarizine	
fondaparinux	
vinblastine	
propranolol	propranonol, propranolo, propanonol, propranol, propranalol, propanolol, proranolol, propronolol, propranolol, propanalol
atropine	
fenoprofen	
fenfluramine	dexfenfluramine, fenfluramine
sulfamethizole	
valaciclovir	
carbenicillin	
mazindol	
lactulose	latulose, laculose, lactolose, lactulos, lactulose, lactalose
voriconazole	voriconizole
levocarnitine	lcarnitine
enalapril	
nizatidine	
diclofenac	diclofenec, dicofenac, diclofinac, diclofenic, declofenac, dicoflenac, diclofenac, diclophenac
cinalukast	
lisuride	
doxazosin	
piperazine	piperazines
ethosuximide	
amiloride	
oxytetracycline	tetracyclines, oxytetracycline, tetracycline
ulobetasol	
gadoteridol	
labetalol	
thiopental	
monobenzone	
ivermectin	
cisapride	
sulindac	
cyclothiazide	
nafcillin	
chloroquine	
ethionamide	
metaraminol	
butorphanol	
bisoprolol	bisprolol, bisoprol, bisoprolol
amodiaquine	
furazolidone	
rifabutin	
candoxatril	
paramethadione	
demeclocycline	
imatinib	
triamcinolone	triamcinolone, triamcinalone
oxandrolone	
nicardipine	
fluphenazine	
testosterone	testostorone, testostrone, epitestosterone, tesosterone, testosterones, testoerone, testosterone, testoterone, testesterone, testoserone, testerone, testorone, testosteron, testasterone, tetosterone
efavirenz	
bacitracin	bactracin, bacitracin
niacin	niacine
guanabenz	
docosanol	
dexmedetomidine	
sulfacetamide	
prednisone	predinsone, prednisonne, prednisalone, pednisone, predisone, prenisone, predsone, predisione, prdnisone, prednisoline, prednisolne, pedisone, prednosone, predison, prednisolon, presdisone, prednislone, prednisione, prednizone, prednione, prednasone, predisolone, prendnisone, presdnisone, prednisine, predinizone, prednisolene, prednisoen, prednidone, predinosone, prednisilone, prednisone, prednisonse, prendisone, presnisone, prednisome, predinisone, prednisolone, prednsone, perdnisone, prednistone, prenisolone, prednisole, prednsione, prednison, pregnisone, prednisode, predniisone, prednisones, prednesone, predislone
clofibrate	
astemizole	
inulin	
butoconazole	
adenosine	
simvastatin	simvastatin, simvistatin, simvastin
pemetrexed	
mebendazole	
gonadorelin	
dyclonine	
nystatin	nystantin, nyastatin, nystatin
dextropropoxyphene	
mitotane	
stavudine	
leucovorin	leukovorin, leucovor, leucovorin
dyphylline	
pentazocine	
latanoprost	
estrone	testerone, estrotone, testorone, estrogene, testrone, estrone
trazodone	trazidone, trazodon, trazodone, trazondone, trazadone, trazdone, trozodone, trazone, trazedone, traxodone
mecamylamine	
sevelamer	
acamprosate	
metaxalone	
verapamil	verapramil, verapamil, verapimil
trimethobenzamide	
flumethasone	
sulfametopyrazine	
nilutamide	
nafarelin	
histamine	histamin, histadine, histamines, histimine, histamine, hystamine
epinephrine	epinepherine, epinepherin, epinephrine, norepinephrine, epinephrin, epenephrine, ephinephrine
sumatriptan	sumatriptans, sumitriptan, sumatripan, sumatriptan
pirenzepine	
cefixime	
chlorpropamide	
aprepitant	
galantamine	
tamoxifen	tomoxifen, tamoxifan, tamoxifin, tamoxifen
isoflurophate	
losartan	
thioridazine	thorazine, thorizine, thioridazine
moricizine	
warfarin	warfarine, warafrin, wafarin, walfarin, warfrin, warferin, wafrin, wararin, warfirin, warfarin, warfain, warfin, warfaring, warfarn, warafarin, wayfarin, warfrain
midazolam	
tobramycin	
trovafloxacin	
cephaloglycin	
flurazepam	flurazepam, flunitrazepam
moexipril	
phentolamine	
fluorescein	florescent, fluorescents, fluorescing, fluorescein, fluoresent, fluorescent, fluoresces, fluoresce, fluorescence, flurescent
daunorubicin	
ergotamine	
tizanidine	tizanidine, tizandine, tizinidine, tizanadine, tizadine
nitrofurantoin	nitrofurantion, nitrofurantoin
nicergoline	
eplerenone	
amprenavir	amprenavir, fosamprenavir
icodextrin	
methazolamide	
naltrexone	naltraxone, naltrexon, natrexone, naltrexone, naltroxone
delavirdine	
tamsulosin	
lamivudine	
ibandronate	
diethylcarbamazine	
flurbiprofen	
oxacillin	cloxacillin, amoxacillin, oxacillin
paroxetine	paroxotine, paroxatine, paroxetine, paroxitine, paroxetene, paroextine, paroxetina, peroxetine
nedocromil	
norethisterone	
azatadine	
lisinopril	linsinopril, lisinopril, licinopril, lisnopril, lisiopril, lysinopril, lisinipril, lisinoprol, lisonopril
methoxamine	
imiquimod	imiquimod, imiguimod
trimipramine	imipramine, trimipramine
nitroglycerin	nitroglycerin, nitroglycerine
rocuronium	
thiabendazole	
nateglinide	
pralidoxime	
risperidone	rispiridone, risperdone, risperidon, resperidone, risperidol, risperidone, resperdone, risperodone, risperadone
naftifine	
esomeprazole	omeperazole, omeprazol, omerprazole, esomeprazole, esomperazole, omneprazole, omeprazole
meclizine	meclizine, meclezine, meclazine, mecklizine
pentamidine	
hetacillin	
riluzole	
hydrocortisone	hydracortisone, hydrocortisone, hydrocrotisone, hydrocortison, hydorcortisone, hydrocorisone, hydrcortisone, hydrocordisone, hydocortisone, hydrocortozone, hyrdrocortisone, hydrocortosone, hydrocortisol, hydrocotisone, hydrocortizone, hyrdocortisone
mannitol	manitol, mannitol
zileuton	
modafinil	modafinil, armodafinil, modifinil, modafinal, modafanil, modafinilcat, modafonil
deferoxamine	
scopolamine	
carbinoxamine	
etodolac	etodolac, etodalac
prilocaine	procaine, prilocaine, pilocarpine
epinastine	
tranylcypromine	
isoflurane	sevoflurane, isoflurane
ethotoin	
tretinoin	tretinoin, tretoinin, isotretinoin, tretinion, trentinoin
hexachlorophene	
dolasetron	
clopidogrel	
tetracycline	tetracyclene, oxytetracycline, tetracyclic, tetracyclines, tetracyclin, tetracycline, tetracyline
meropenem	
irinotecan	
methimazole	methinazole, methimazole, metimazole, methimizole, methazole, methamzole, methimozole, methmazole, methimazol, methemazole, methimezol, methomazole, methamazole, methmizole, methimezole
mometasone	•mometasone, mometasone
metyrosine	
benzquinamide	
olopatadine	
hydrocortamate	
alprostadil	
clidinium	umeclidinium, aclidinium
malathion	
etoposide	
hydroflumethiazide	
tirofiban	
oxcarbazepine	oxcarbazepine, oxcarbazapine
propiomazine	
roxithromycin	
phenelzine	
propantheline	
estradiol	estradiole, estrodiol, estradol, estriadol, estriol, estrdiol, estridiol, oestradiol, estadiol, estradial, estradiol, estradoil, estradil
cryptenamine	
marimastat	
naproxen	naproxon, narproxen, naproxyn, neproxen, napoxen, naproxan, naproxin, naprox, naproxen, naprosen, naproxene
perindopril	
tripelennamine	
haloprogin	
primidone	primadone, primidone
sulfasalazine	sulfasulazine, sulfasalazin, sulfasazine, sulfaselazine, sulphasalazine, sulfasazline, sulfasalasine, suflasalazine, sulfasalazine, sulfasalizine, sulfalazine, sulfazalazine, sulfaslazine, sulfasalzine, sulfasalazene
tolazoline	
gentamicin	gentamicin, gentamycin, gentamyacin, gentamiacin
tazarotene	
fenoldopam	
halazepam	
alfentanil	
colistin	
dicyclomine	
minaprine	
pentoxifylline	
proparacaine	
indapamide	
tropicamide	
biperiden	
meloxicam	meloxican, meloxicam
orciprenaline	
rosoxacin	
acetazolamide	acetazolimide, acetazolamid, acetazolamide, acetazolomide
tadalafil	
carprofen	
disulfiram	
enprofylline	
menthol	mentholy, mentho, menthyl, mentol, methol, menthols, menthal, menthol
natamycin	
cinoxacin	
fosfomycin	
diazepam	diazepams, diazepan, diazepam, diazapam, dizaepam, diazipam, diapam, diclazepam, diazpam
phenmetrazine	
phensuximide	
cefaclor	
mifepristone	
brompheniramine	
loperamide	loperamide, loperimide, lopermide
progabide	
clocortolone	
tolazamide	
dobutamine	
oxazepam	
donepezil	
nalbuphine	nalbuphene, nalbuphine
clofazimine	
flurandrenolide	
cysteamine	
levamisole	
methylphenobarbital	
perphenazine	
dacarbazine	
pseudoephedrine	psuedoephedrine, pseudophedrine, psuedophedrine, pseudoephedrine
temozolomide	temozolamide, temozolomide
levorphanol	
chlorphenesin	
terbinafine	
drostanolone	
penicillamine	
prednisolone	prednisonne, prednisalone, pednisone, predisone, prdnisone, prednisoline, prednisolne, prednisolon, prednislone, prednisione, prednione, predisolone, prendnisone, presdnisone, prednisilone, prednisone, prednisonse, predinisone, prednsone, prednisolone, prednistone, prenisolone, prednisole, prednison, predniisone, predislone, prednisones, prenisone, prednisolene
diflunisal	
vardenafil	
ranitidine	rantidine, ranitadine, ranitidine, rantinidine
tacrolimus	tacrolimus, tacrolinus
benzphetamine	
alprenolol	
ritodrine	
benzonatate	
dorzolamide	
suprofen	
terbutaline	
conivaptan	
loteprednol	
guaifenesin	guaifensin, guifensin, guifenesin, guafenesin, guaifenesin, guaifenesen, guaifenisin, guafenisin
flupentixol	flupentixol, flupenthixol
eprosartan	
sirolimus	temsirolimus, sirolimus
chlorhexidine	chlorexidine, chlorhexadine, chlorhexidine
emtricitabine	
chlorothiazide	
quinapril	
clomifene	
pemirolast	
omapatrilat	
bumetanide	
mechlorethamine	
granisetron	
dienestrol	
sulfapyridine	
oxybuprocaine	
testolactone	
rimexolone	
triazolam	
ethanol	methanol, ethenol, ethanal, ethanol
remifentanil	
bitolterol	
methdilazine	
ondansetron	ondansetron, ondanestron, odansetron
tiagabine	
cocaine	cocaine, cocaina, cocane, cociane, coccaine, concaine, cokaine, cocain, cocanine, cocaïne, cobaine, octaine, cocaines, cocanie, cocaine”
quinidine	
zonisamide	zonisimide, zonisamide
paricalcitol	
tinidazole	
repaglinide	
anileridine	
phenformin	
amantadine	amantadine, amatadine, amantidine, amandine
metronidazole	metronidazol, metronidazole
dinoprostone	
almotriptan	
spectinomycin	
ketotifen	
buprenorphine	bupenorphine, buprenorphine, bupernorphine, bupronorphine, buprenorphin, burprenorphine, buprenophine
levosimendan	
ceforanide	
cyclobenzaprine	cyclobenzapr, cyclobenzaprine, cyclobenzeprine
phenoxybenzamine	
etretinate	
famotidine	famotodine, famotadine, famotidine
azacitidine	azacytidine, azacitidine, azacitadine
colesevelam	
metacycline	
tipranavir	
mesoridazine	
maprotiline	
oxymetazoline	
salicylic acid	
diethylpropion	
salmeterol	salmetrol
methantheline	
hexafluronium	
cycrimine	
zalcitabine	
demecarium	
aspirin	aspirin, aspirn, apirin, asprins, asperin, asparin, aspirine, asprin, asprine, aspirins, apsirin, aspriin, aspiriin, aspririn, aspring
phenprocoumon	
fulvestrant	
mezlocillin	
felbamate	
fexofenadine	
isoniazid	
naratriptan	
rizatriptan	
dirithromycin	
netilmicin	
norgestimate	
carboplatin	
methylprednisolone	methylprednisolne, methylprednisilone, methylpredisolone, methylprednilisone, methylprednisone, methylprednisalone, methylprednisolone
pindolol	
mepivacaine	
zaleplon	
bromfenac	
apraclonidine	
ethiodized oil	
telmisartan	
desloratadine	
methyldopa	
alosetron	
dactinomycin	
azelastine	
ezetimibe	
dipyridamole	
telithromycin	
ethinylestradiol	ethinyloestradiol, ethinylestradiol
lomefloxacin	
cyclopentolate	
ramelteon	
physostigmine	
isotretinoin	isotretinion, isotretinoin
formoterol	formeterol, formoterol, arformoterol
dimenhydrinate	
cytarabine	cytarabine, cyterabine
dopamine	dopeamine, dompamine, dopomine, dopamin, dopimine, dopamine, dopamines
rivastigmine	
exemestane	
oxaprozin	
azathioprine	azathiprine, azathroprine, azothioprine, azathiopine, azathrioprine, azathioprene, aziothioprine, aziathioprine, azathiaprine, azithioprine, azathioprine
neomycin	
auranofin	
gabapentin	gabipentin, gabbepentin, gabapenting, gabaoentin, gabiprentin, gabaphentin, gavapentin, gabephentin, gabpentin, gabapention, gabupentin, gapapentin, gabapetion, gapentin, gababentin, gababpentin, gabapantin, gabbapentin, gabapentim, gabapentine, garapentin, gabopentin, gabapenton, gabapenten, gabapintin, gabapentene, gabapetin, gaberpentin, gabapentins, gabepentin, gabapentin
frovatriptan	
hydrochlorothiazide	hydrochlorthiazide, hydrochlorothyazide, hydrochlorathiazide, hydrochlorothiazide, hydrochlorizide, hydroclorothiazide
cyclacillin	
salbutamol	sulbutamol, sabutamol, salbutimol, salbutomol
levobupivacaine	
ganciclovir	
hydroxyurea	hydroxurea, hydroxyurea
letrozole	letrizole, letrozol, letrezole, letrozole, letrazole
tioconazole	
busulfan	
edrophonium	
metyrapone	
cinacalcet	
balsalazide	
sulfamethoxazole	
glyburide	glyberide, glyburide
minocycline	minocyclin, minocycline, minocyclene, minocyline, monocycline, mynocycline, minnocycline
guanfacine	guafacine, guanfacine, guanficine
bethanechol	
trichlormethiazide	
felodipine	
amlexanox	
ketoconazole	
methoxyflurane	
irbesartan	
topotecan	
ethinamate	
probenecid	probenicid, probenecid
mercaptopurine	mercaptopurine, mercaptapurine
cerulenin	
procainamide	
tolterodine	
selegiline	selegeline, selegiline, selegilene
carphenazine	
fenofibrate	
thalidomide	thalidimide, thalomide, thalidomide, thalidamide
melphalan	melphalan, mephalan
memantine	
gatifloxacin	
rifampicin	rifampin, rifampicin
lubiprostone	
fluocinonide	
abacavir	
ibuprofen	ibprofuen, iburofen, ibruprofen, ibuprofin, ibprofen, ibuprufen, ibuprohen, ibeprofen, ibuproven, iboprofen, ibuprofens, ibueprofen, ibuprofren, iburprofen, ibufrofen, ibuprfen, iburpofen, ibuporfen, ibuproffen, ibrofen, ibrupofen, ibubrofen, ibuprofun, ibuprofen, ibuprofene, ibupropen, ibprofren, buprofen, ibuproben
novobiocin	
benzylpenicillin	
nitrendipine	
mimosine	
tocainide	
echothiophate	
praziquantel	
norfloxacin	enrofloxacin, ofloxacin, norfloxacin
amoxicillin	amoxicillan, amoxacillin, amoxcillin, amoxicillion, amoxicllin, amoxillin, amoxcillian, amoxocillin, amoxicilin, ampicillin, amoxycilin, amoxycillin, amoxicillian, amoxicillin
azlocillin	
oxybutynin	oxybutynin, oxybutinin, oxybutin
acetophenazine	
isoprenaline	
cefditoren	
glipizide	glipizide, glypizide, glipiside
clonazepam	clonazopam, chlonazepam, clonezepam, cloneazepam, clonzepam, clozepam, clanazepam, clonanzepam, clonazapam, clonazpam, clonazapham, clonazepham, klonazepam, clonazipam, cloazepam, clonazepan, clorazepam, clonazepem, clonazepam, clonozepam, chlonozepam, clotiazepam
promethazine	promethazyne, methazine, promethizine, prometazine, promethzine, promethazine, promenthazine, promathazine, promethozine, promethyzine, bromethazine, promethezine, promethazene, promazine
dihydrotachysterol	
mequitazine	
atazanavir	
fludarabine	
perhexiline	
diphenhydramine	diphenhydramine, dipenhydramine, diphenhydromine, dyphenhydramine, dyphenhydromine
atorvastatin	atrovastatin
deslanoside	
tegaserod	
vigabatrin	
diphenoxylate	
streptomycin	
orlistat	
emedastine	
pilocarpine	prilocaine, pilocarpine
benzocaine	
primaquine	
iloprost	
deserpidine	
pentolinium	
butenafine	
ouabain	
hesperetin	
fluvastatin	fluvastatin, lovastatin
oxamniquine	
leflunomide	leftunomide, leflunomide
rosuvastatin	
flucytosine	
pimozide	
capecitabine	
arbutamine	
quinacrine	
sertraline	sertaline, setraline, sertraline
sibutramine	
levocabastine	
methyprylon	
trilostane	
heparin	heprain, heprin, heperin, heaprin, heparins, heparin, heparain
miconazole	
colistimethate	
cefuroxime	
papaverine	
chlorphenamine	chlorpheniramine
nifedipine	
trimethaphan	
atovaquone	
amiodarone	amidarone, amiodarone, amioderone, amiodadrone, amiodrone, amiodorone
diazoxide	
gliclazide	
phenacemide	
ambenonium	
proflavine	
tolbutamide	
anisindione	
dutasteride	
econazole	
rabeprazole	
prednicarbate	
proguanil	
pioglitazone	
tiludronic acid	
carvedilol	carvediol
sulfinpyrazone	
cefapirin	
cefadroxil	
micafungin	
doxepin	doxipin, doxepin
amifostine	
sulfoxone	
diphenylpyraline	
cloxacillin	cloxacillin, dicloxacillin, oxacillin, flucloxacillin
flavoxate	
nefazodone	
cefprozil	
candicidin	
sertaconazole	
thiamylal	
gemifloxacin	
bupropion	bupropin, buproprin, brupropion, buproprion, bupropion
trimetrexate	
bretylium	
halothane	
chloroprocaine	
terazosin	
amdinocillin	
ofloxacin	enrofloxacin, floxacin, moxifloxacin, ofloxacin, lomefloxacin, norfloxacin, levofloxacin
cilostazol	
itraconazole	
procarbazine	
guanethidine	
moclobemide	
kanamycin	
orphenadrine	
phenobarbital	phenobarbitol, phenobarbital
escitalopram	escitlopram, citlopram, escitalopram, citralopram, citalophram, citalopram, ecitalopram, citalopam, citalpram
cyclizine	
idarubicin	idarubicin, idarubacin
chlormezanone	
podofilox	
rescinnamine	
ifosfamide	
propafenone	
naloxone	naloxone, nalaxone
domperidone	domperidome
fluoxymesterone	
pergolide	
iophendylate	
ciclopirox	
desflurane	
clindamycin	clindamcin, clindamycin, clindomycin, clindimycin, clindamyacin, clyndamycin, clyndamyacin
dexfenfluramine	dexfenfluramine, fenfluramine
oxymorphone	oxymorphine, oxymorphone
acebutolol	
brinzolamide	
flecainide	flecianide, flecanaide, flacainide, flecanide, flecinaide, flecainde, flecainide, flecinide, fleccanide
estramustine	
captopril	
zopiclone	zoplicone, zopiclones, eszopiclone, zopiclon, zopiclone, zopliclone, zopoclone
tubocurarine	
bromocriptine	bromocriptine, bromocryptine, bromocriptin, bromocrptine
rifapentine	
levetiracetam	
nadolol	nadolol, nadalol
mitoxantrone	
flumazenil	
lomustine	
ridogrel	
sparfloxacin	
dezocine	
levobunolol	
clarithromycin	
ceftriaxone	
fomepizole	
metipranolol	
estazolam	
finasteride	finesteride, finasteride
anastrozole	anastrozole, anastrazole
halofantrine	
dantrolene	
rifaximin	rifaxamin, rifaximin
ketamine	ketamin, ketaminh, esketamine, ketamines
budesonide	desonide
aminophylline	
quetiapine	quietiapine, quetipine, quentiapine, quietapine, quetiapin, quatiapine, quetiapine, quetapine, quitiapine
enoxaparin	
mivacurium	
levacetylmethadol	
encainide	
pemoline	
diphenidol	
saquinavir	
metoclopramide	metoclopromide, metoclopram, metaclopramide, metoclopramide
dexamethasone	dexamethason, dexamethazone, dexametasone, dexamethsone, dexamethasone
levodopa	levodopa’s, levadopa, levedopa, levodopa
sevoflurane	sevoflurane, isoflurane
bromodiphenhydramine	
aripiprazole	aripriprazole, aripiprozole, aripiprazole
chlorprothixene	
epoprostenol	
gemfibrozil	
chloroxine	
bepridil	
decamethonium	
alimemazine	
isocarboxazid	
docetaxel	
iodixanol	
olsalazine	olsalazine, salazine
gliquidone	
mitiglinide	
ergometrine	
dasatinib	dasatinib, dasatanib
lisdexamfetamine	lisdexamfetamine, lisdexamphetamine
retapamulin	
eculizumab	
aliskiren	
lapatinib	
desonide	
sitagliptin	
decitabine	decitibine, decitabine, gemcitabine
posaconazole	
darunavir	
telbivudine	
sinecatechins	
paliperidone	paliperidone, palperidone
sunitinib	
panitumumab	
ranibizumab	
idursulfase	
varenicline	
arformoterol	formoterol, arformoterol
hydralazine	
exenatide	
mecasermin	
pramlintide	
galsulfase	
nelarabine	
abatacept	
carbetocin	
lumiracoxib	
tetracosactide	
corticotropin	
fenoterol	
glisoxepide	
pirbuterol	
bevantolol	
glucosamine	glucosimine, glucosomine, glucosamin, glocosamine, glucosamine
practolol	
sulfacytine	
sulfadoxine	
rolitetracycline	
oxtriphylline	
fosamprenavir	amprenavir, fosamprenavir
fosphenytoin	phenytoin, fosphenytoin
josamycin	
kava	
polythiazide	
quinethazone	
cefamandole	
cefazolin	
cefonicid	
cefoperazone	
cefotetan	
cefoxitin	
ceftizoxime	
cefradine	
metocurine	
pancuronium	
pipecuronium	
vecuronium	
cilazapril	
forasartan	
saprisartan	
spirapril	
tasosartan	
amobarbital	
aprobarbital	
butobarbital	
heptabarbital	
hexobarbital	
mestranol	
penbutolol	
troleandomycin	
iohexol	
ephedra	
ephedrine	ephidrine, ephedrine, ephedrin, norephedrine
mephentermine	
procaterol	
rasagiline	
quinupristin	
aluminium	aluminim, aluminium, alluminum, aluminum, aliminium, alumium, alumnium
calcium	cacium, calcium, clacium, calsium, calicium, calicum, calciun, calciium, calium, calcum, calciu, calcim, caclium, calcuim, calciums
glymidine	
paramethasone	
mibefradil	
yohimbine	yohimbine, yohimbe
colchicine	colchicine, cochicine
drospirenone	drosperenone, drospirenone
digitoxin	
salsalate	
neostigmine	
methotrimeprazine	
ginseng	genseng, ginseng, ginsing, gingseng
temafloxacin	
danazol	
clenbuterol	
bambuterol	
tiotropium	
ciclesonide	
pranlukast	
theobromine	
cefepime	
cefacetrile	
ceftibuten	
cefpodoxime	
acenocoumarol	
antrafenine	
paromomycin	
nitroxoline	
stepronin	
aminophenazone	
alizapride	
ajmaline	
amrinone	
oxybenzone	
aprindine	
almitrine	
allylestrenol	
cholestyramine	cholestyramine, cholestryamine
antipyrine	
alfacalcidol	
glutethimide	
phenazopyridine	
dimethylthiambutene	
bufotenine	bufotenin, bufotenine
indopan	
dihydroetorphine	
diamorphine	
midomafetamine	
bezitramide	
diethyltryptamine	
dimenoxadol	
etonitazene	
fencamfamin	
furethidine	
ethylmorphine	
ethylmethylthiambutene	
acetorphine	
bolasterone	
betaprodine	
haloxazolam	
desmethylprodine	
cyprenorphine	
fenethylline	
barbital	
cathine	
embutramide	
dimethyltryptamine	
camazepam	
aminorex	
dipipanone	
ethylestrenol	
dichloralphenazone	
etorphine	
alphamethadol	
alphameprodine	
oxabolone	
difenoxin	
diampromide	
etoxeridine	
tenamfetamine	
dehydrochloromethyltestosterone	
delorazepam	
hydromorphinol	
furazabol	
benzoylecgonine	
benzethidine	
tenocyclidine	
clostebol	
betacetylmethadol	
clonitazene	
androstenediol	
ecgonine	
clortermine	
dextromoramide	
desomorphine	
diethylthiambutene	
chlorhexadol	
carfentanil	alfentanil
androstenedione	
acetyldihydrocodeine	
boldenone	
allylprodine	
flunitrazepam	flurazepam, nitrazepam, flunitrazepam
ethyl loflazepate	
etryptamine	
drotebanol	
diprenorphine	
rolicyclidine	
fenproporex	
dihydrocodeine	dihydracodeine, hydrocodene, dihydrocodiene, hydrocodine, dyhydrocodiene, dihydrocodeine, dihydracodine, hydrocodeine, dihydrocodine
betameprodine	
cloxazolam	
bolandiol	
alphacetylmethadol	
chlorphentermine	
bromazepam	flubromazepam, bromazipam, bromazepam
clotiazepam	
cathinone	cathinones, cathinone
androstanedione	
calusterone	
dihydromorphine	
methylenedioxyethamphetamine	
fludiazepam	
formebolone	
ohmefentanyl	
benzylmorphine	
attapulgite	
kaolin	
dextroamphetamine	dextromethamphetamine, dexamphetamines, dextroamphetamine, dexamphetamine, dextroamphetamines
metamfetamine	
metrizamide	
phendimetrazine	
oxprenolol	
sulfamerazine	
sulfamethazine	
liotrix	
thyroglobulin	thyroglobulin, throglobulin, thyroglbulin, thyroidglobulin, antithyroglobulin, thyroblobulin
ketazolam	
prazepam	
quazepam	
everolimus	
solifenacin	
iron	
zinc	zinc, zince
cinolazepam	
nitrazepam	nitrazepam, nitrazapam, nimetazepam, flunitrazepam
cilastatin	
imipenem	
probucol	
lopinavir	
bacampicillin	
meticillin	
pivampicillin	
pivmecillinam	
tazobactam	
ticarcillin	
periciazine	
deferasirox	
valganciclovir	
hydroxychloroquine	hydroxychloriquine, hydroxychloroquine, hydrochloroquine, hydroxchloroquine, hydroxycloroquine, hydroxychlorquine, hydroxycholoroquine, hydroxychloroquin
acepromazine	
aceprometazine	
alverine	
molindone	
phenindamine	
pheniramine	
pipotiazine	
thioproperazine	
thiothixene	thiothixene, thiothixine
zuclopenthixol	
isopropamide	
pargyline	
lincomycin	
etoricoxib	
genistein	
daxalipram	
thiorphan	
roflumilast	
trinitrotoluene	
chymostatin	
topiroxostat	
dithioerythritol	
ribavirin	ribarvirin, ribavrin, ribaviran, ribovirin, ribavirin, ribavirina, ribavin, ribaviron, ribaviren, ribavarin, ribivirin
rutin	
cetrimonium	
penciclovir	
camphor	
coprogen	
dalfopristin	
fusicoccin	
piclamilast	
castanospermine	
phosphoenolpyruvate	
methylamine	trimethylamine
kaempherol	
phosphoaspartate	
rhamnose	
tropinone	
hyperforin	perforin
toluene	
sucrosofate	
xylitol	xylotol, xylitol, xylatol
sinefungin	
putrescine	
pentanal	
duroquinone	
rolipram	
taurine	
phosphonotyrosine	
aminoanthracene	
cocarboxylase	
staurosporine	
alrestatin	
fidarestat	
tridolgosir	
isoluminol	
amylamine	
gabaculine	
cyclohexanone	
cellobiose	
triglyme	
isatin	
cytidine	
hadacidin	
daidzin	
olomoucine	
butyramide	
adamantanone	
zenarestat	
xanthine	xanthine, xanthines
sulfopyruvate	
propidium	
bromopurine	
phenylacetaldehyde	
equilin	
taxifolin	
maltotetraose	
iodophenyl	
argininosuccinate	
porphobilinogen	
formycin	
protoporphyrin	
irosustat	
arginineamide	
calcipotriol	
carbenoxolone	
selenocysteine	
bivalirudin	
myricetin	
guanine	guanosine
namn	
tolrestat	
didanosine	
methylethylamine	
tetrahydropyran	
hydroxyethylcysteine	
thiopyrophosphate	
geldanamycin	
aminomethylcyclohexane	
dioxyselenocysteine	
dexrazoxane	
fluoresceinylthioureido	
thiocoumarin	
benzylamine	
carbocisteine	
fludrocortisone	
phosphonothreonine	
ghavamiol	
farnesol	
thymol	
ditiocarb	
phosphonopyruvate	
fexaramine	
vorinostat	
phosphoramidon	
spermine	
peldesine	
mesoheme	
pentaglyme	
colforsin	
abequose	
terlipressin	
fumagillin	
heptanamide	
nitrosoethane	
trichloroacetaldehyde	
filaminast	
cyanamide	
dinitrophenylene	
sapropterin	
nicotinamide	
resveratrol	reservatrol, reversatrol, resveritrol, resveratrol
sorbinil	
purvalanol	
acetamide	
kifunensine	
uridine	
glycocyamine	
selenoinosine	
pyroquilon	
pyrazole	
sucrose	sucralose, sucrase, sucrolose, sucrose
pregnenolone	pregnenolone, pregnenalone
deglucobalhimycin	
canaline	
dihydrogenphosphate	
siroheme	
thiocamphor	
aetiocholanolone	
guanosine	
dansylamide	
cyanocinnoline	
tricyclazole	
methylthioinosine	
acetylphosphate	
stanolone	
zardaverine	
piretanide	
diglyme	
carpropamide	
fosmidomycin	
hymenialdisine	
oxitriptan	
benzimidazole	
bombykol	
metribolone	
quisqualate	
peridinin	
patupilone	
dazoxiben	
bromoform	
zebularine	
cycloserine	
benzamidine	
acetylcholine	acetlycholine, acetycholine, acetylcholine
perchlorate	perchlorates, perchlorate
pentabromophenol	
tubercidin	
sphingosine	
duvoglustat	
oteracil	
vinylglycine	
diphthamide	
trifluoroethanol	
phenol	phenols, phenolic, phenol
thiocellobiose	
glutaral	
glutathionylspermidine	
phenylphosphate	
brivudine	
dexpropranolol	
maltose	maltose, maltase
tyrosyladenylate	
mercaptoethanol	
imidazole	
serine	
hexadecanal	
fica	ficas, ficam, ficar
enalkiren	
hemin	
diacetyldeuteroheme	
uracil	
ubenimex	
gallichrome	
lysophosphatidylglycerol	
violaxanthin	
thymine	
naringenin	
trypanothione	
alvocidib	
equilenin	
eniluracil	
norvaline	
brequinar	
glycoluril	
norcamphor	
cyclohexylformamide	
tetrahydrodeoxyuridine	
spermidine	
phencyclidine	
pyruvamide	
oxyphenbutazone	
pyruvaldehyde	
tiratricol	
diminazene	
methylcobalamin	methycobalamin, methylcobalamine, methylcobolamin, methylcobalamin
ribostamycin	
adamantane	
argifin	
glycinamid	
peramivir	
butylamine	
tartronate	
piritrexim	
lanosterol	
vanoxerine	
cyclohexanol	
bicine	
xylarohydroxamate	
forodesine	
tromethamine	
doconexent	
radicicol	
lactaldehyde	
idoxuridine	
elaidoylamide	
febuxostat	
trifluoroalanine	
trifluoromethionine	
teriflunomide	
hexamidine	
histidinol	
fucitol	
difluoromethionine	
epigallocatechin	
formaldehyde	formaldehyde, formaldahyde
cilomilast	
eucalyptol	
tetrahydrooxazine	
monothioglycerol	
tamibarotene	
batimastat	
carboxyethyllumazine	
biopterin	
tmr	tmro, tmr, tmrw, tmmr, tmwr
urea	
freselestat	
clorobiocin	
phosphorylisopropane	
tyrosinal	
ethanolamine	triethanolamine, ethanolamine
betadex	
butylphosphonate	
alsterpaullone	
clorgiline	
pseudotropine	
tyvelose	
ergosterol	
coelenteramide	
hypophosphite	
nogalaviketone	
fudp	
cpad	
hypoxanthine	
glycerin	glycerin, glycerine
apstatin	
undecanal	
balanol	
fotemustine	
balhimycin	
berberine	
allolactose	
aurodox	
willardiine	
propionamide	
valpromide	
aceglutamide	
fructose	fuctose, frustose, fructose, fruitose, frutose
benzofuran	
chitotriose	
matairesinol	
dequalinium	
quercetin	quercertin, quercetin, quercitin
trivanadate	
sparsomycin	
nitroarginine	
butyrylthiocholine	
tretazicar	
seocalcitol	
geneticin	
citicoline	citicholine, citicoline
oxfenicine	
ovalicin	
phenethylamine	phenylethylamine, phenethylamine, phenethylamines, phenylethylamines
isoquinoline	
monastrol	
octamethylenediamine	
inosine	
lumichrome	
argadin	
methyldiazene	
arecoline	
meglutol	
allantoate	
crotonaldehyde	
soneclosan	
thiodigalactoside	
phosphorylcolamine	
allosamizoline	
heptamolybdate	
nebularine	
aminoquinuride	
lactose	lactos, lacotse, lactolose, galactose, lactase, lastose, lactose, lactoluse, lacose, latose, lactulose, lactalose
afimoxifene	
thymidine	
acedoben	
camphane	
dexfosfoserine	
indole	indoles
glyphosate	glyphosates, glyphosate
cholesterol	colesterol, cholestrerol, cholestol, cholestorl, cholestero, choleterol, chloresterol, colestrol, cholesterols, chorlesterol, chlolesterol, cholesteol, cholesterole, chlestrol, cholestorol, choloesterol, choesterol, choleserol, chlesterol, cholesterol, cholosterol, cholsterol, chloesterol, cholester, cholestral, cholesteral, chlosterol, cholestrol, colesteral
afegostat	
gluconolactone	glucuronolactone, gluconolactone
latamoxef	
trioxsalen	
thiotepa	
estriol	estrodiol, zestril, estriodol, estriol, estrdiol, estridiol, estridol, estradiol, estroil
quinestrol	
fleroxacin	
imazaquin	
phenyldehydroalanine	
aniracetam	
acetophenone	
cycloleucine	
apramycin	
cyclouridine	
allosamidin	
aldosterone	aldesterone, aldosterone
biphenylalanine	
dibromothymoquinone	
corticosterone	
metoprine	
carboxin	
coumarin	
triazolopyrimidine	
dansyllysine	
methylecgonine	
camptothecin	
hesperidin	
hydroxyfasudil	
iodipamide	
licofelone	
motuporin	
nimesulide	
lawsone	
sulfatide	
streptolydigin	
suramin	
tanaproget	
tagetitoxin	
bifonazole	
inecalcitol	
triazolopyridine	
verdoheme	
neamine	
benoxaprofen	
bithionol	
bunamiodyl	
clioquinol	
dantron	
metamizole	
iproniazid	
methapyrilene	
nialamide	
nomifensine	
oxeladin	
oxyphenisatin	
phenolphthalein	
prenylamine	
thenalidine	
urethane	urethane, urethanes
zomepirac	
buformin	
zimelidine	
methaqualone	etaqualone
rapacuronium	
maraviroc	
amineptine	
clofedanol	
cyclandelate	
debrisoquine	
flunarizine	
fluspirilene	
mepenzolate	
tetrabenazine	
ixabepilone	
celiprolol	
roxadustat	
cediranib	
posizolid	
biricodar	
implitapide	
binodenoson	
dronedarone	
dexloxiglumide	
brasofensine	
tirapazamine	
zanapezil	
isatoribine	
nebivolol	
merimepodib	
lefradafiban	
halofuginone	
lintitript	
nilotinib	nilotonib, nilotinib
olcegepant	
lorcaserin	
osanetant	
piboserod	
picoplatin	
pralnacasan	
vildagliptin	
voacamine	
voglibose	
vatalanib	
enoximone	
elacridar	
edotecarin	
darusentan	
dapoxetine	
cilansetron	
brecanavir	
bifeprunox	
bicifadine	
bepotastine	
becocalcidiol	
phenserine	
vapreotide	
pegaptanib	
milnacipran	
lucinactant	
ximelagatran	
nesiritide	
thymalfasin	
galiximab	
ticagrelor	
pagoclone	
amolimogene	
tesmilifene	
voclosporin	
flibanserin	
sitamaquine	
oxibendazole	
oritavancin	
stannsoporfin	
idronoxil	
renzapride	
ceftobiprole	
alfimeprase	
clevidipine	
dirucotide	
rhthrombin	
itopride	
desmoteplase	
neramexane	
permethrin	
afamelanotide	
defibrotide	
eritoran	
rifalazil	
tagatose	
tertomotide	
ospemifene	
eribulin	
crofelemer	
acadesine	
hemoglobin	hemoblobin, oxyhemoglobin, hemoglobin, haemoglobin, hemogoblin, hemglobin, hemoglobins, haemaglobin, hemoglogin, hemoglobulin, heamoglobin, hemogloben, hemogloblin, hemoglobine, hemaglobin, hemogloban, hemeglobin
iloperidone	
altropane	
lofexidine	
pexelizumab	
ranpirnase	
pirfenidone	
ramoplanin	
ezogabine	
tecadenoson	
pumactant	
afelimomab	
azimilide	
epratuzumab	
tipifarnib	
troxacitabine	
bectumomab	
oregovomab	
lucanthone	
lesopitron	
reglitazar	
canfosfamide	
lerafaon	
banoxantrone	
plitidepsin	
lemuteporfin	
talampanel	
denufosol	
tigapotide	
satraplatin	
imexon	
vercirnon	
adecatumumab	
tesevatinib	
apadenoson	
belinostat	
ataluren	
migalastat	
amonafide	
arimoclomol	
nelotanserin	
ocriplasmin	
lancovutide	
foretinib	
ularitide	
eprotirome	
anatibant	
indacaterol	indacaterol, indacterol
obinepitide	
cannabinor	
erdosteine	
tavaborole	
mitoquinone	
dutogliptin	
fenretinide	
rilpivirine	
abaloparatide	
ganaxolone	
tetrathiomolybdate	
enzalutamide	
cimicoxib	
labetuzumab	
leptin	
ancrod	
prinomastat	
matuzumab	
rupintrivir	
asimadoline	
pleconaril	
trabectedin	
fontolizumab	
thymectacin	
gemcabene	
aminocandin	
elsamitrucin	
vibriolysin	
bavituximab	
lobeline	
cabozantinib	
pretomanid	
topsalysin	
elafin	
albiglutide	
vintafolide	
benzimate	
brincidofovir	
elafibranor	
mericitabine	
sofalcone	
sparsentan	
rozrolimupab	
quizartinib	
amuvatinib	
crisaborole	
alisertib	
pracinostat	
beraprost	
tetrodotoxin	tetradotoxin, tetrodotoxin
vemurafenib	
cobimetinib	
pilaralisib	
methsuximide	
iodine	idodine, iodin, iodine
favid	
dilmapimod	
ronacaleret	
rilapladib	
neocartilage	
glatiramer	
paclitaxel	
oxypurinol	
caprospinol	
ecabet	
ibudilast	
rotigotine	
pardoprunox	
tarenflurbil	
vandetanib	
eldecalcitol	
tetomilast	
girentuximab	
ecallantide	
pimavanserin	
zalutumumab	
ranirestat	
romiplostim	
obiltoxaximab	
procaine	procaine, prilocaine
acyclovir	acyclover, valcyclovir, acyclovir, acylovir, aciclovir, valacyclovir, famcyclovir, acyclovar
raltegravir	
tasimelteon	
rolofylline	
ulipristal	
rindopepimut	
chlorfenson	
rifamycin	
misoprostol	misoprostel, misoprostol, misoprostal, misoprotol, misoprostyl
pimagedine	
regramostim	
tetrachlorodecaoxide	
perflubutane	
corticorelin	
amibegron	
succinobucol	
emricasan	
talmapimod	
tifuvirtide	
pipendoxifene	
cardarine	
canertinib	
ibalizumab	
acetylcysteine	
iroxanadine	
smilagenin	
paliroden	
pozanicline	
briakinumab	
ezatiostat	
tandutinib	
golotimod	
plozalizumab	
custirsen	
elacytarabine	
otelixizumab	
piclidenoson	
atiprimod	
cobiprostone	
lapachone	
vosaroxin	
budiodarone	
mimopezil	
telaprevir	telaprevir, teleprevir, telapravir, telaprivir
milataxel	
pelitinib	
mipomersen	
sinapultide	
dacetuzumab	
alanosine	
brivaracetam	
naronapride	
iratumumab	
regrelor	
enokizumab	
tralokinumab	
upamostat	
delcasertib	
naluzotan	
sufentanil	
obatoclax	
ulodesine	
motesanib	
ramucirumab	
teriparatide	
praconase	
verubulin	
facinicline	
davunetide	
bedoradrine	
blarcamesine	
farletuzumab	
ozarelix	
beclanorsen	
apilimod	
teverelix	
retaspimycin	
apricitabine	
glypromate	
asvasiran	
tonapofylline	
larazotide	
mocetinostat	
sagopilone	
velusetrag	
veltuzumab	
ulimorelin	
astodrimer	
boceprevir	bocepravir, boceprivir, boceprevir
levoketoconazole	
palifosfamide	
capsaicin	capsaizin, capsaisin, capsacin, capscacin, capsacian, capsaicin
apremilast	
ustekinumab	
sotirimod	
talarozole	
sivifene	
vorapaxar	
elagolix	
vortioxetine	
mirabegron	
gantacurium	
flovagatran	
eliglustat	
elesclomol	
cefilavancin	
vapitadine	
tosedostat	
cetylpyridinium	
cixutumumab	
telcagepant	
levosalbutamol	
navitoclax	
andrographolide	
rabeximod	
oglufanide	
tricaprylin	
irofulven	
arylacenamide	
serelaxin	
daglutril	
alethine	
cositecan	
abiraterone	
apomorphine	
laromustine	
nitroaspirin	
ketoprofen	ketoprofen, ketoprofin
trestolone	
doxorubicin	
fentanyl	fetnyl, fentanayl, fentinyl, fetanyl, fenanyl, fentanal, fentanyal, fentanol, fentnayl, fentnyal, fentanl, fentonyl, fentenyl, fentanyl, fentynyl, fentyl, fentyanl, fental, fentany, fentanly, fentayl, fentnyl
rivanicline	
tasquinimod	
besifloxacin	
ciluprevir	
raxibacumab	
seletracetam	
veglin	
propofol	proponol, propofal, propafol, propofol
masoprocol	
paquinimod	
abexinostat	
patidegib	
diazepinomicin	
alprazolam	alpraxolam, aprazolam, alprozolam, alprazalam, alprazolam
dovitinib	
pegdinetanib	
denibulin	
edonerpic	
olaparib	
leronlimab	
resatorvid	
varlitinib	
sifalimumab	
dasotraline	
urelumab	
lebrikizumab	
radezolid	
amitifadine	
archexin	
iniparib	
binimetinib	
plinabulin	
ebselen	
sotatercept	
tecovirimat	
adomiparin	
aldoxorubicin	
eteplirsen	
cariprazine	
sobetirome	
benralizumab	
tivantinib	
danoprevir	
filanesib	
olaratumab	
trofinetide	
favipiravir	
dipraglurant	
gevokizumab	
macimorelin	
linsitinib	
lumateperone	
caplacizumab	
tapinarof	
levofloxacin	ofloxacin, levofloxacin
bradanicline	
evofosfamide	
apatorsen	
eldelumab	
cenobamate	
bardoxolone	
amatuximab	
bisegliptin	
nivolumab	
dimethylcurcumin	
tucatinib	
sertindole	
spiramycin	
sulfathiazole	
mianserin	
teicoplanin	
sulfadimethoxine	
nylidrin	
pizotifen	
rimonabant	
tesofensine	
istaroxime	
arhalofenate	
rubitecan	
garenoxacin	
opebacan	
lumiliximab	
plevitrexed	
fedratinib	
fosdevirine	
canakinumab	
indibulin	
noscapine	
romidepsin	
glufosfamide	
talotrexin	
darinaparsin	
talabostat	
ipilimumab	
valtorcitabine	
ispinesib	
solabegron	
zosuquidar	
nimotuzumab	
pixantrone	
elocalcitol	
seliciclib	
icatibant	
bimosiamose	
alovudine	
atrasentan	
tedisamil	
rufinamide	
lasofoxifene	
alogliptin	
tapentadol	
sugammadex	
silodosin	
prasugrel	
eltrombopag	
doripenem	
tolvaptan	
regadenoson	
ferumoxytol	
asenapine	
vernakalant	
lacosamide	lacosomide
dalbavancin	
alicaforsen	
ocaperidone	
nalmefene	
caldaret	
naveglitazar	
ridaforolimus	
maribavir	
vadimezan	
elvucitabine	
avanafil	
tariquidar	
clenoliximab	
eflornithine	
trafermin	
lanoteplase	
exisulind	
amelubant	
arzoxifene	
fluasterone	
dersalazine	
bimoclomol	
aviptadil	
hexaminolevulinate	
droxidopa	
amrubicin	
tolperisone	
lonidamine	
udenafil	
sitaxentan	
mahdl01	
sulodexide	
maxacalcitol	
tocilizumab	
alvimopan	
tanomastat	
senicapoc	
torcetrapib	
levocetirizine	
ziconotide	
bicalutamide	
temsirolimus	temsirolimus, sirolimus
amisulpride	
simeprevir	simeprevir, simprevir, simeprivir
dapagliflozin	
pegnivacogin	
semuloparin	
pramiconazole	
indantadol	
hydronidone	
ponatinib	
glesatinib	
otilimab	
sonepcizumab	
onalespib	
apoptone	
refametinib	
motavizumab	
darapladib	
elotuzumab	
carotuximab	
pegpleranib	
latiglutenase	
methoxyamine	
trodusquemine	
tucidinostat	
saxagliptin	
elsiglutide	
danegaptide	
encenicline	
teprotumumab	
fiboflapon	
cenisertib	
elinogrel	
tezampanel	
iclaprim	
lucatumumab	
becatecarin	
sapacitabine	
pertuzumab	
relacatib	
alamifovir	
indisulam	
siplizumab	
rilonacept	
elacestrant	
plecanatide	
namilumab	
eplivanserin	
xaliproden	
abafungin	
nicaraven	
tanespimycin	
atacicept	
vitespen	
bazedoxifene	
telavancin	
ambrisentan	
eprodisate	
idraparinux	
taribavirin	
doxercalciferol	
oxymetholone	
armodafinil	modafinil, armodafinil
etravirine	
calfactant	
somatotropin	
cethromycin	
annamycin	
declopramide	
ticalopride	
endostatin	
talnetant	
evernimicin	
tezacitabine	
repifermin	
tarazepide	
semaxanib	
tifacogin	
tyloxapol	
ravuconazole	
cangrelor	
avasimibe	
dexanabinol	
diethylnorspermine	
dotarizine	
lonafarnib	
ilodecakin	
aprinocarsen	
mirostipen	
sarizotan	
meclinertant	
tecastemizole	
remacemide	
enrasentan	
squalamine	
mitumomab	
apolizumab	
cariporide	
lestaurtinib	
clomethiazole	
naxifylline	
fradafiban	
sibrotuzumab	
ruplizumab	
perflubron	
sumanirole	
porfiromycin	
propentofylline	
prucalopride	
manitimus	
ropidoxuridine	
enzastaurin	
liatermin	
mirococept	
velafermin	
sufugolix	
onercept	
aplaviroc	
furaprofen	
repinotan	
muraglitazar	
deramciclane	
resiniferatoxin	
edaglitazone	
ertiprotafib	
levovirin	
ganstigmine	
tramiprosate	
ocinaplon	
resiquimod	
pafuramidine	
ragaglitazar	
thrombopoietin	
etilevodopa	
robalzotan	
astaxanthin	
gavilimomab	
labradimil	
bivatuzumab	
gaboxadol	
siramesine	
edifoligide	
lerdelimumab	
tezosentan	
lanimostim	
pascolizumab	
emfilermin	
rebimastat	
omiganan	
valomaciclovir	
baminercept	
vilanterol	
tonabersat	
adipiplon	
celgosivir	
bevirimat	
dextofisopam	
glycopyrronium	
fipamezole	
cetilistat	
mitemcinal	
triphendiol	
pazopanib	
pegargiminase	
prasterone	
agomelatine	
midostaurin	
brostallicin	
lexatumumab	
nemonoxacin	
betrixaban	
reslizumab	
panobinostat	
ilepatril	
teplizumab	
catumaxomab	
tafenoquine	
odiparcil	
pegsunercept	
mepolizumab	
bosutinib	
cutamesine	
amdoxovir	
aplindore	
flupirtine	
taranabant	
vipadenant	
axitinib	
zibotentan	
anacetrapib	
n-chlorotaurine	
casopitant	
otamixaban	
isavuconazonium	
dalfampridine	fampridine, dalfampridine
quarfloxin	
fispemifene	
perifosine	
bevasiranib	
denosumab	
anamorelin	
volociximab	
anthrax vaccine	
priralfinamide	
ofatumumab	
vicriviroc	
safinamide	
liraglutide	
tas-106	
valrocemide	
tolevamer	
rostaporfin	
saredutant	
abetimus	
pasireotide	
lixivaptan	
arverapamil	
odanacatib	
almorexant	
golimumab	
clazosentan	
esmirtazapine	
amediplase	
asoprisnil	
belatacept	
naproxcinod	
clevudine	
vilazodone	
laquinimod	
mepyramine	
aprotinin	
mevastatin	
xylometazoline	
arbekacin	
artemether	
betahistine	
degarelix	
desvenlafaxine	venlafaxine, desvenlafaxine
dexmethylphenidate	methyphenidate, ethylphenidate, methylphenidate, dexmethylphenidate
fesoterodine	
gadobutrol	
isometheptene	
levonordefrin	
lumefantrine	
methacholine	
methyltestosterone	
naphazoline	
nilvadipine	
norelgestromin	
propylhexedrine	
fospropofol	
fosaprepitant	
stanozolol	stanozolol, stanozol
buserelin	
gimatecan	
lornoxicam	
bufuralol	
sparteine	
aniline	
sulfaphenazole	
gestodene	
seproxetine	
enclomiphene	
aceclofenac	aceclofenac, declofenac
zaltoprofen	
ketobemidone	
seratrodast	
gavestinel	
ambroxol	
drotaverine	
chymopapain	
triclofos	
danaparoid	
beta carotene	
glycine betaine	
manganese	maganese, manganese
fomivirsen	
sacrosidase	
beractant	
pinacidil	
saralasin	
tetryzoline	
alcaftadine	
bendamustine	
cabazitaxel	
dalteparin	
difluprednate	
dimercaprol	
ganirelix	ganirelix, ganerelix, ganarelix, ganirelex
halcinonide	
hexocyclium	
histrelin	
lanreotide	
levopropoxyphene	
lodoxamide	
mafenide	
mangafodipir	
mebutamate	
meclocycline	
methenamine	
methylnaltrexone	
monoctanoin	
nepafenac	
niclosamide	
plerixafor	
plicamycin	
polidocanol	
pralatrexate	
protokylol	
pyrithione	
pyrvinium	
sulconazole	
sulfameter	
tinzaparin	
tiopronin	
triethylenetetramine	
triptorelin	
unoprostone	
viomycin	
bimatoprost	
eribaxaban	
hymecromone	
neflamapimod	
tamatinib	
veliparib	
nesbuvir	
acifluorfen	
apigenin	
anisomycin	
tesaglitazar	
azapropazone	
sorafenib	
felbinac	
bromamphenicol	
clofarabine	
clonidine	colonidine, clondine, clonidine, clonadine, clonindine, clondidine, clonipine, klonidine, clonodine
valdecoxib	
clomipramine	chlomipramine, clomiprimine, clompramine, clomipramine
tranilast	
dibromotyrosine	
desipramine	
emodin	
epibatidine	
indeglitazar	
fluorescin	
epitestosterone	epitestosterone, testosterones, testosterone
flavone	
famoxadone	
fisetin	
furosemide	furosemide, furosamide, furosomide, furosimide
apixaban	apixaban, abixaban, apixiban
talviraline	
hexestrol	
erteberel	
diclofenamide	
imidacloprid	
wortmannin	
fasudil	
methylthioninium	
tofacitinib	
emivirine	
melatonin	mellatonin, melotonin, melantonin, melatoin, melatonin, melationin, meletonin, melatonins, melatonintr, melatonia, malatonin, melitonin, melatonine, meltonin, melatoina
minoxidil	
phenacetin	
nocodazole	
sulthiame	
phenylbutazone	
bezafibrate	
gosogliptin	
piceatannol	
platensimycin	
phenoxymethylpenicillin	
puromycin	
parecoxib	
rivaroxaban	rivaroxiban, rivaroxaban, riveroxaban, rivaroxban
efaproxiral	
capravirine	
sinapinate	
syringate	
tributylstannanyl	
triclosan	
trifluoperazine	
thiamphenicol	
benzothiazole	
dapivirine	
trazeolide	
crizotinib	
zofenoprilat	
linezolid	
diloxanide	
azidocillin	
pipazethate	
salicylamide	
sulfamoxole	
antazoline	
chloropyramine	
dimetindene	
isothipendyl	
tymazoline	
metiamide	
bopindolol	
bupranolol	
cinitapride	
tofisopam	
nadroparin	
triflusal	
lurasidone	lurasidone, lorasidone
tafluprost	
ivacaftor	
spinosad	
deferiprone	
lomitapide	
vismodegib	
temocapril	
tetraethylammonium	
agmatine	
serotonin	serotonins, seratonin, serotin, seretonin, serotoin, serotinin, seotonin, serotnin, serontonin, sertonin, seritonin, serotonin, serotonine
tyramine	tyramines, tyramine
acetylcarnitine	acetylcarnitine, acylcarnitine
hydroxyproline	
guvacine	
pitavastatin	
cholecystokinin	
fingolimod	
tesamorelin	
fidaxomicin	
ruxolitinib	
aminopterin	
belimumab	
linagliptin	
perampanel	
aflibercept	
carfilzomib	
linaclotide	
arbaclofen	
peginesatide	
regorafenib	
aclidinium	
glucarpidase	
teduglutide	
bedaquiline	
formestane	
canagliflozin	
pomalidomide	
trametinib	
dabrafenib	
aleglitazar	
afatinib	
levomilnacipran	
perospirone	
amfecloral	
adrafinil	
acediasulfone	
amperozide	
arsthinol	
verubecestat	
dolutegravir	
riociguat	
macitentan	
luliconazole	
sofosbuvir	sovosbuvir, sofosburir, sofosbuvir, sofusbuvir, sofobuvir
obinutuzumab	
chlorcyclizine	
magaldrate	
letosteine	
kebuzone	
isoxsuprine	
isoxicam	
isoconazole	
isoaminile	
iopamidol	
iodamide	
indoramin	
indoprofen	
indenolol	
indalpine	
ifenprodil	
ibuproxam	
hydroxydione	
hexoprenaline	
hexetidine	
hexamethonium	
azosemide	
glibornuride	
gemeprost	
fusafungine	
fursultiamine	
dimetotiazine	
fominoben	
flurothyl	
fluprednidene	
fluocortolone	
flumequine	
flubendazole	
florantyrone	
floctafenine	
fibrinolysin	
fentonium	
fenspiride	
fendiline	
fenbufen	
etozoline	
etofibrate	
etofenamate	
etilefrine	
etifoxine	
etidocaine	
ethoheptazine	
etamivan	
eprazinone	
epirizole	
eperisone	
enviomycin	
ditazole	
diosmin	
dimetacrine	
dexetimide	
demexiptiline	
cyclopentamine	
cyamemazine	
barbexaclone	
cloperastine	
clocapramine	
clobutinol	
batroxobin	
clinofibrate	
chlorphenoxamine	
cefaloridine	
articaine	
carmofur	
beclamide	
carbazochrome	
befunolol	
captodiame	
butriptyline	
brotizolam	
bromopride	
bromhexine	
bisacodyl	
benzoctamine	
benfluorex	
benactyzine	
follitropin	
ledipasvir	ledispasvir, ledipsavir, ledipasvir, ledispavir
cytisine	cytosine, cytidine
secukinumab	
miltefosine	
vedolizumab	
suvorexant	
siltuximab	
pembrolizumab	
empagliflozin	
efinaconazole	
dulaglutide	
metreleptin	
finafloxacin	
netupitant	
naloxegol	
ceftolozane	
blinatumomab	
ibrutinib	
idelalisib	
acipimox	
amorolfine	
atosiban	
avibactam	
cannabidiol	cannabinol, cannabidiol
cefminox	
ceritinib	
ciprofibrate	
cobicistat	
trimetazidine	
tibolone	
palbociclib	
edoxaban	edoxiban, edoxaban
umeclidinium	
dinutuximab	
lenvatinib	
nintedanib	
olodaterol	
idebenone	
ivabradine	
benzydamine	
tetracaine	
eugenol	
amylocaine	
trimebutine	
pinaverium	
tixocortol	
xanthinol	
chlortetracycline	
podophyllin	
difluocortolone	
quinagolide	
somatrem	
somatostatin	
elvitegravir	
daclatasvir	declatasvir, daclatisvir, daclatasvir, daclatasivir
ancestim	
asfotase alfa	
pentastarch	
diiodohydroxyquinoline	
paraldehyde	
stiripentol	
zucapsaicin	
aurothioglucose	
dienogest	
medrogestone	
brexpiprazole	
copper	coppper, coppery, coper
ioversol	
ioxilan	
oxygen	oygen, oxygens, oxygen, oxyen, oxyegen, oxgen, oxyge
sincalide	
sonidegib	
water	wwater, watrer, watere, watter, water…, wate, waterd, water, watr, wter, waters, water�, warter, waterr, wather
nitrogen	dinitrogen, nitrogen
helium	helium3
iopromide	
etizolam	
dosulepin	
brifentanil	
butyrfentanyl	
lofentanil	
mirfentanil	
phenaridine	
thienylfentanyl	
trefentanil	
benzylfentanyl	
dasabuvir	
edivoxetine	
viloxazine	
nisoxetine	
lortalamine	
amedalin	
daledalin	
talopram	
talsupram	
tandamine	
etoperidone	
lorpiprazole	
lubazodone	
mepiprazole	
lobeglitazone	
netoglitazone	
rivoglitazone	
ciglitazone	
cirazoline	
synephrine	
arotinolol	
moxisylyte	
trimazosin	
pegloticase	
pholcodine	
piracetam	racetam, pramiracetam, piracetam
limaprost	
loxoprofen	
dexibuprofen	
dexketoprofen	
droxicam	
firocoxib	
clonixin	
bisoxatin	
nicorandil	
polaprezinc	
blonanserin	
melperone	
zotepine	
barnidipine	
aranidipine	
azelnidipine	
benidipine	
cilnidipine	
cronidipine	
darodipine	
efonidipine	
lacidipine	
levamlodipine	
manidipine	
niguldipine	
niludipine	
moxonidine	
hydracarbazine	
pirlindole	
toloxatone	
benmoxin	
iproclozide	
mebanazine	
octamoxin	
pheniprazine	
phenoxypropazine	
pivhydrazine	
safrazine	
caroxazone	
dextran	dextrin
tegafur	
gimeracil	
bemiparin	
reviparin	
parnaparin	
certoparin	
imidafenacin	
patiromer	
idarucizumab	
lixisenatide	
ubidecarenone	
cimetropium	
eluxadoline	
doxofylline	
artesunate	
fimasartan	
lumacaftor	
molsidomine	
trapidil	
imolamine	
morniflumate	
pipamperone	
propacetamol	
tianeptine	tianpetine
ramosetron	
rolapitant	
sacubitril	
talniflumate	
ombitasvir	
paritaprevir	
silibinin	
alirocumab	
evolocumab	
setiptiline	
aptazapine	
metralindole	
oxaprotiline	
solithromycin	
kitasamycin	
catridecacog	
polycarbophil	
carindacillin	
sulbactam	
vayarin	
osimertinib	
daratumumab	
kappadione	
alatrofloxacin	
mersalyl	
glucose	glocose, glucos, gulcose, glucose, gloucose, gluose, glucous, gluclose, glucouse
propoxycaine	
tipiracil	
invert sugar	
pramocaine	
propiolactone	
levobetaxolol	
hydroxyamphetamine	
sulfur	sulfur, sulfury, sulfuric
sulfabenzamide	
dexpanthenol	
theophylline	theophyline, theophylline, theophyllin
propyliodone	
norethynodrel	
chymotrypsin	
lapyrium	
fluprednisolone	
sutilain	
meprednisone	
norgestrel	
sorbitol	sorbitol, sorbital
isosorbide	
xylose	
protirelin	
codeine	codeinn, bodeine, codeineee, condeine, codeines, codein, codiene, codene, cooodeine, coedine, codeinee, codine, codeine, kodeine
hydrocodone	hydrocode, hydracodone, hydrocodones, hydrocodin, hydrocodne, hyrdocodone, hydrocordone, hidrocodone, hyrocodone, hydocodone, hydrocodene, hydrocodiene, hydrocodone, hydrcodone, hydrocodon, hydrocdone, hydrocodine, hydrocodeine, hydorcodone, hydrocone, hydrocodons, hydrocondone, hyrdrocodone, hydrodone
enalaprilat	
iotrolan	
acrivastine	
avobenzone	
octinoxate	
iobenguane	
ferumoxsil	
ferumoxides	
talc	talcs, talc
simethicone	
mequinol	
petrolatum	
hydroquinone	
ecamsule	
octocrylene	
thonzonium	
necitumumab	
ixazomib	
levmetamfetamine	
